[{
    "id": "P01",
    "name": "Product1",
    "price": 2000,
    "imageUrl": "../../assets/images/jeans.jpg",
    "category": "Category.jeans",
    "quantity": 0,
    "rating": 4

  },{
    "id": "P02",
    "name": "Product2",
    "price": 1000,
    "imageUrl": "../../assets/images/grocery.jpg",
    "category": "Category.grocery",
    "quantity": 0,
    "rating": 3.5

  },{
    "id": "P03",
    "name": "Product3",
    "price": 3000,
    "imageUrl": "../../assets/images/shirt.jpg",
    "category": "Category.shirt",
    "quantity": 0,
    "rating": 5

  },{
    "id": "P04",
    "name": "Product4",
    "price": 1500,
    "imageUrl": "../../assets/images/top.jpg",
    "category": "Category.top",
    "quantity": 0,
    "rating": 3

  },{
    "id": "P05",
    "name": "Product5",
    "price": 1000,
    "imageUrl": "../../assets/images/food.jpg",
    "category": "Category.food",
    "quantity": 0,
    "rating": 3.5

  },{
    "id": "P06",
    "name": "Product6",
    "price": 2000,
    "imageUrl": "../../assets/images/food.jpg",
    "category": "Category.food",
    "quantity": 0,
    "rating": 3.5

  },{
    "id": "P07",
    "name": "Product7",
    "price": 3000,
    "imageUrl": "../../assets/images/shirt.jpg",
    "category": "Category.shirt",
    "quantity": 0,
    "rating": 5

  },{
    "id": "P08",
    "name": "Product8",
    "price": 4000,
    "imageUrl": "../../assets/images/jeans.jpg",
    "category": "Category.jeans",
    "quantity": 0,
    "rating": 4

  }]